{
    "overall_MAE": 163.14676107606624,
    "overall_MSE": 66862.51286292664,
    "per_target": {
        "portion_total_g": {
            "MAE": 82.90379671374126,
            "RMSE": 136.6295959090409
        },
        "calories_kcal": {
            "MAE": 99.4839374072396,
            "RMSE": 163.5236070450541
        },
        "protein_g": {
            "MAE": 6.8594407564854825,
            "RMSE": 11.173319244356378
        },
        "fat_g": {
            "MAE": 5.67562896962389,
            "RMSE": 9.986640819842373
        },
        "carbohydrate_g": {
            "MAE": 14.210988680698332,
            "RMSE": 21.69443532652658
        }
    }
}