{
    "overall_MAE": 166.4803435734002,
    "overall_MSE": 70923.63717466738,
    "per_target": {
        "portion_total_g": {
            "MAE": 75.163369537937,
            "RMSE": 118.33295347286158
        },
        "calories_kcal": {
            "MAE": 81.2721626481887,
            "RMSE": 138.06752481271238
        },
        "protein_g": {
            "MAE": 5.866178180643085,
            "RMSE": 9.51246848643042
        },
        "fat_g": {
            "MAE": 5.077996830895325,
            "RMSE": 9.493102890332947
        },
        "carbohydrate_g": {
            "MAE": 10.374421863515623,
            "RMSE": 15.228333669334933
        }
    }
}