{
    "train_losses": [
        0.7464531214088549,
        0.6357917075913999,
        0.5821879208386044,
        0.5211566042884186,
        0.4700941530693845,
        0.4292826264371233,
        0.39251029468071624,
        0.3701923816362672,
        0.3408773247352557,
        0.33187263983414544,
        0.31353226085927893,
        0.30282572380858047,
        0.28952491416081305,
        0.27908097164318457,
        0.2558446381590135
    ],
    "val_losses": [
        0.5682494742342279,
        0.5233316971032599,
        0.48588827312032407,
        0.4377710976904436,
        0.5000336882549576,
        0.3634437879098901,
        0.4204919936459728,
        0.33265180582599374,
        0.31906176947449905,
        0.31295097147607265,
        0.3143872713708655,
        0.301531135668112,
        0.30157083983696487,
        0.30428890679143444,
        0.2899557310414362
    ],
    "target_mean": [
        352.0249938964844,
        399.904052734375,
        22.088350296020508,
        17.624040603637695,
        36.394874572753906
    ],
    "target_std": [
        171.30758666992188,
        252.42459106445312,
        17.72284507751465,
        15.020849227905273,
        29.15578269958496
    ]
}